{
  "type": "FeatureCollection",
  "features": [
    {
      "type": "Feature",
      "properties": {
        "@id": "relation/1309990",
        "DANE:area": "147.00",
        "DANE:departamento": "52",
        "admin_level": "6",
        "boundary": "administrative",
        "divipola": "52399",
        "entidad_te": "Cabecera Municipal",
        "is_in:country": "Colombia",
        "is_in:state": "Nariño",
        "name": "La Unión",
        "objectid": "3988",
        "type": "boundary",
        "wikidata": "Q979791",
        "wikipedia": "es:La Unión (Nariño)"
      },
      "geometry": {
        "type": "Polygon",
        "coordinates": [
          [
            [
              -77.1178564,
              1.5726534
            ],
            [
              -77.1175072,
              1.5746577
            ],
            [
              -77.1169795,
              1.5775303
            ],
            [
              -77.1168,
              1.57968
            ],
            [
              -77.1167943,
              1.5825884
            ],
            [
              -77.1170944,
              1.5897124
            ],
            [
              -77.1150266,
              1.5894263
            ],
            [
              -77.1129496,
              1.588922
            ],
            [
              -77.1124249,
              1.5886775
            ],
            [
              -77.1119096,
              1.5882012
            ],
            [
              -77.111442,
              1.5880124
            ],
            [
              -77.1109308,
              1.587969
            ],
            [
              -77.1094504,
              1.5880317
            ],
            [
              -77.1081398,
              1.5877699
            ],
            [
              -77.107056,
              1.5872707
            ],
            [
              -77.1065316,
              1.5864666
            ],
            [
              -77.1060358,
              1.5861494
            ],
            [
              -77.1053331,
              1.5855406
            ],
            [
              -77.1031267,
              1.5847079
            ],
            [
              -77.10212,
              1.5839928
            ],
            [
              -77.1012183,
              1.5834806
            ],
            [
              -77.1005894,
              1.5827944
            ],
            [
              -77.0996313,
              1.5821749
            ],
            [
              -77.099199,
              1.5815651
            ],
            [
              -77.0980638,
              1.5788552
            ],
            [
              -77.0971598,
              1.5771634
            ],
            [
              -77.0968406,
              1.576291
            ],
            [
              -77.0966479,
              1.5754283
            ],
            [
              -77.0965271,
              1.5740988
            ],
            [
              -77.0959735,
              1.572184
            ],
            [
              -77.0959615,
              1.5706111
            ],
            [
              -77.0958779,
              1.5697156
            ],
            [
              -77.0955178,
              1.568614
            ],
            [
              -77.0955065,
              1.5684897
            ],
            [
              -77.0964868,
              1.5674834
            ],
            [
              -77.0969261,
              1.566793
            ],
            [
              -77.0973655,
              1.565475
            ],
            [
              -77.0970517,
              1.5642826
            ],
            [
              -77.0954199,
              1.562588
            ],
            [
              -77.0940391,
              1.5620232
            ],
            [
              -77.0930349,
              1.5605797
            ],
            [
              -77.0930349,
              1.5586341
            ],
            [
              -77.0925328,
              1.5573537
            ],
            [
              -77.0915287,
              1.5555337
            ],
            [
              -77.0911521,
              1.5540274
            ],
            [
              -77.0904617,
              1.5525839
            ],
            [
              -77.0902107,
              1.5513914
            ],
            [
              -77.089583,
              1.55045
            ],
            [
              -77.0879512,
              1.5501362
            ],
            [
              -77.0858801,
              1.5512031
            ],
            [
              -77.0814241,
              1.5540901
            ],
            [
              -77.0793529,
              1.5552826
            ],
            [
              -77.0778969,
              1.5557219
            ],
            [
              -77.0769914,
              1.5554892
            ],
            [
              -77.0762415,
              1.5550607
            ],
            [
              -77.0753845,
              1.5551678
            ],
            [
              -77.0743133,
              1.5551678
            ],
            [
              -77.0715281,
              1.5558106
            ],
            [
              -77.0709924,
              1.5561319
            ],
            [
              -77.0701354,
              1.5563462
            ],
            [
              -77.0676715,
              1.5563462
            ],
            [
              -77.0667074,
              1.5561319
            ],
            [
              -77.0659576,
              1.5558106
            ],
            [
              -77.065529,
              1.5550607
            ],
            [
              -77.0651006,
              1.5546322
            ],
            [
              -77.0643507,
              1.5542037
            ],
            [
              -77.0633865,
              1.5540966
            ],
            [
              -77.0624224,
              1.5542037
            ],
            [
              -77.0616725,
              1.5550607
            ],
            [
              -77.0626367,
              1.5559177
            ],
            [
              -77.0630652,
              1.5565605
            ],
            [
              -77.0644578,
              1.5574175
            ],
            [
              -77.0655157,
              1.5579748
            ],
            [
              -77.0657928,
              1.5587484
            ],
            [
              -77.0665139,
              1.560132
            ],
            [
              -77.0667409,
              1.5604273
            ],
            [
              -77.0671187,
              1.5607344
            ],
            [
              -77.0678442,
              1.5612261
            ],
            [
              -77.0685078,
              1.5615701
            ],
            [
              -77.068913,
              1.5616447
            ],
            [
              -77.0694903,
              1.5616358
            ],
            [
              -77.0699901,
              1.5615222
            ],
            [
              -77.0700941,
              1.5613822
            ],
            [
              -77.0706936,
              1.5616201
            ],
            [
              -77.0714847,
              1.5621047
            ],
            [
              -77.0722563,
              1.5622916
            ],
            [
              -77.072846,
              1.5626196
            ],
            [
              -77.0733263,
              1.562977
            ],
            [
              -77.0737415,
              1.5634094
            ],
            [
              -77.0743413,
              1.564508
            ],
            [
              -77.0746376,
              1.5648483
            ],
            [
              -77.0757095,
              1.5655868
            ],
            [
              -77.0760894,
              1.5657631
            ],
            [
              -77.0764096,
              1.5658035
            ],
            [
              -77.0769312,
              1.5663141
            ],
            [
              -77.0778185,
              1.5668419
            ],
            [
              -77.0783246,
              1.5672215
            ],
            [
              -77.0788307,
              1.5679807
            ],
            [
              -77.0790822,
              1.568614
            ],
            [
              -77.079055,
              1.5695293
            ],
            [
              -77.0788615,
              1.57133
            ],
            [
              -77.0784201,
              1.5733478
            ],
            [
              -77.0784594,
              1.5750157
            ],
            [
              -77.0786637,
              1.5758051
            ],
            [
              -77.079199,
              1.5769439
            ],
            [
              -77.0792944,
              1.5775875
            ],
            [
              -77.0796445,
              1.578257
            ],
            [
              -77.0800166,
              1.579856
            ],
            [
              -77.080731,
              1.5816969
            ],
            [
              -77.0811873,
              1.5838765
            ],
            [
              -77.0811042,
              1.5853613
            ],
            [
              -77.0809752,
              1.5862645
            ],
            [
              -77.0806606,
              1.5873612
            ],
            [
              -77.0801726,
              1.5881788
            ],
            [
              -77.0800339,
              1.5885423
            ],
            [
              -77.0798442,
              1.5900189
            ],
            [
              -77.079498,
              1.5912239
            ],
            [
              -77.0793913,
              1.5920697
            ],
            [
              -77.0794051,
              1.593016
            ],
            [
              -77.0795351,
              1.5940599
            ],
            [
              -77.0801484,
              1.5956676
            ],
            [
              -77.0803753,
              1.5969033
            ],
            [
              -77.0806234,
              1.5979634
            ],
            [
              -77.0808432,
              1.6008629
            ],
            [
              -77.0811109,
              1.603329
            ],
            [
              -77.0813962,
              1.6049049
            ],
            [
              -77.081791,
              1.6063925
            ],
            [
              -77.0826089,
              1.6084843
            ],
            [
              -77.0836726,
              1.6104516
            ],
            [
              -77.0853496,
              1.6129272
            ],
            [
              -77.0866796,
              1.6145966
            ],
            [
              -77.0879094,
              1.6159173
            ],
            [
              -77.0885514,
              1.6165498
            ],
            [
              -77.0892068,
              1.6171671
            ],
            [
              -77.0898739,
              1.6177699
            ],
            [
              -77.0905521,
              1.6183576
            ],
            [
              -77.0909185,
              1.618665
            ],
            [
              -77.0923148,
              1.6198361
            ],
            [
              -77.0928807,
              1.6203462
            ],
            [
              -77.0934201,
              1.6208816
            ],
            [
              -77.0938944,
              1.6214143
            ],
            [
              -77.0943415,
              1.6219736
            ],
            [
              -77.094768,
              1.622558
            ],
            [
              -77.0951744,
              1.6231615
            ],
            [
              -77.0955611,
              1.6237812
            ],
            [
              -77.0959292,
              1.6244167
            ],
            [
              -77.096275,
              1.6250619
            ],
            [
              -77.0966005,
              1.625722
            ],
            [
              -77.0969008,
              1.6263889
            ],
            [
              -77.097179,
              1.6270699
            ],
            [
              -77.0974367,
              1.627767
            ],
            [
              -77.0979355,
              1.6292212
            ],
            [
              -77.0982102,
              1.629968
            ],
            [
              -77.0984973,
              1.6306449
            ],
            [
              -77.0988241,
              1.6313118
            ],
            [
              -77.0992112,
              1.6319967
            ],
            [
              -77.0996397,
              1.6326629
            ],
            [
              -77.1001159,
              1.6333217
            ],
            [
              -77.1006209,
              1.6339498
            ],
            [
              -77.1011432,
              1.6345381
            ],
            [
              -77.1016651,
              1.6350719
            ],
            [
              -77.1021499,
              1.6355211
            ],
            [
              -77.1025775,
              1.6358749
            ],
            [
              -77.1030467,
              1.6361583
            ],
            [
              -77.1027413,
              1.6365787
            ],
            [
              -77.1024031,
              1.6371767
            ],
            [
              -77.1013207,
              1.6390905
            ],
            [
              -77.1008953,
              1.6397972
            ],
            [
              -77.1004451,
              1.6404888
            ],
            [
              -77.0999846,
              1.6411313
            ],
            [
              -77.0995001,
              1.6417426
            ],
            [
              -77.0989943,
              1.6423188
            ],
            [
              -77.0985612,
              1.642771
            ],
            [
              -77.0984731,
              1.642863
            ],
            [
              -77.0979308,
              1.6433917
            ],
            [
              -77.0968576,
              1.6443986
            ],
            [
              -77.0963518,
              1.6448942
            ],
            [
              -77.0959498,
              1.6453252
            ],
            [
              -77.0955915,
              1.6457694
            ],
            [
              -77.0952907,
              1.6462362
            ],
            [
              -77.0950556,
              1.6467325
            ],
            [
              -77.0948665,
              1.6472496
            ],
            [
              -77.0945075,
              1.6483567
            ],
            [
              -77.0942896,
              1.6489197
            ],
            [
              -77.0939854,
              1.6495138
            ],
            [
              -77.0936065,
              1.6500406
            ],
            [
              -77.093193,
              1.6504361
            ],
            [
              -77.0927138,
              1.6507412
            ],
            [
              -77.0922141,
              1.6509338
            ],
            [
              -77.0916736,
              1.6510483
            ],
            [
              -77.0910154,
              1.6511014
            ],
            [
              -77.090331,
              1.6510969
            ],
            [
              -77.0888496,
              1.6510217
            ],
            [
              -77.0881469,
              1.6510133
            ],
            [
              -77.0874503,
              1.6510564
            ],
            [
              -77.0868548,
              1.6511551
            ],
            [
              -77.0862772,
              1.651321
            ],
            [
              -77.0857357,
              1.6515553
            ],
            [
              -77.0852195,
              1.6518551
            ],
            [
              -77.0846495,
              1.6522751
            ],
            [
              -77.0841021,
              1.6527515
            ],
            [
              -77.0829428,
              1.6538604
            ],
            [
              -77.0823662,
              1.6543786
            ],
            [
              -77.081751,
              1.6548658
            ],
            [
              -77.081154,
              1.655263
            ],
            [
              -77.0805184,
              1.6556118
            ],
            [
              -77.0798285,
              1.6559146
            ],
            [
              -77.0791123,
              1.6561625
            ],
            [
              -77.078344,
              1.656368
            ],
            [
              -77.0775854,
              1.6565225
            ],
            [
              -77.0768546,
              1.6566344
            ],
            [
              -77.0762207,
              1.6567058
            ],
            [
              -77.0755858,
              1.6567423
            ],
            [
              -77.0754815,
              1.6577504
            ],
            [
              -77.075327,
              1.6585214
            ],
            [
              -77.0750921,
              1.6592726
            ],
            [
              -77.0747712,
              1.6599712
            ],
            [
              -77.0743769,
              1.6606101
            ],
            [
              -77.0739324,
              1.6612077
            ],
            [
              -77.0732085,
              1.6620479
            ],
            [
              -77.072698,
              1.6625863
            ],
            [
              -77.0719138,
              1.6633689
            ],
            [
              -77.0703056,
              1.664888
            ],
            [
              -77.0697579,
              1.6653705
            ],
            [
              -77.0688902,
              1.6660194
            ],
            [
              -77.0672042,
              1.668309
            ],
            [
              -77.0662172,
              1.6696756
            ],
            [
              -77.0677356,
              1.6710422
            ],
            [
              -77.069254,
              1.6724847
            ],
            [
              -77.0705964,
              1.672528
            ],
            [
              -77.0707421,
              1.6724029
            ],
            [
              -77.0708377,
              1.6722891
            ],
            [
              -77.0709538,
              1.6721139
            ],
            [
              -77.0710631,
              1.6719251
            ],
            [
              -77.0711609,
              1.671652
            ],
            [
              -77.0712247,
              1.6714177
            ],
            [
              -77.0713453,
              1.6710263
            ],
            [
              -77.0714591,
              1.6706282
            ],
            [
              -77.0714637,
              1.6704644
            ],
            [
              -77.0714569,
              1.6704006
            ],
            [
              -77.0714569,
              1.6703278
            ],
            [
              -77.0714569,
              1.6702391
            ],
            [
              -77.0714819,
              1.6701526
            ],
            [
              -77.071516,
              1.6700912
            ],
            [
              -77.0717733,
              1.6698114
            ],
            [
              -77.0718575,
              1.669734
            ],
            [
              -77.071928,
              1.6696134
            ],
            [
              -77.0719963,
              1.6694951
            ],
            [
              -77.0720487,
              1.6693995
            ],
            [
              -77.0721033,
              1.6693176
            ],
            [
              -77.0721443,
              1.6692539
            ],
            [
              -77.0722376,
              1.6691925
            ],
            [
              -77.0725016,
              1.6689286
            ],
            [
              -77.0725608,
              1.6688717
            ],
            [
              -77.0726655,
              1.6688353
            ],
            [
              -77.0728226,
              1.6687966
            ],
            [
              -77.072991,
              1.6687716
            ],
            [
              -77.0731367,
              1.6687352
            ],
            [
              -77.0732325,
              1.6687049
            ],
            [
              -77.0733211,
              1.6686897
            ],
            [
              -77.0737347,
              1.6685595
            ],
            [
              -77.074306,
              1.6683879
            ],
            [
              -77.0744589,
              1.6683396
            ],
            [
              -77.0745876,
              1.6682887
            ],
            [
              -77.0747271,
              1.6682216
            ],
            [
              -77.0748693,
              1.6681224
            ],
            [
              -77.0750758,
              1.6679911
            ],
            [
              -77.0756815,
              1.6675452
            ],
            [
              -77.0759663,
              1.6673315
            ],
            [
              -77.0761085,
              1.6672457
            ],
            [
              -77.0762318,
              1.6671894
            ],
            [
              -77.0763364,
              1.6671599
            ],
            [
              -77.0765054,
              1.6671492
            ],
            [
              -77.0766127,
              1.6671653
            ],
            [
              -77.0767763,
              1.6671894
            ],
            [
              -77.076956,
              1.6672323
            ],
            [
              -77.0773181,
              1.6672886
            ],
            [
              -77.0776507,
              1.6673422
            ],
            [
              -77.0779189,
              1.6673798
            ],
            [
              -77.0781282,
              1.6673798
            ],
            [
              -77.0782837,
              1.6673717
            ],
            [
              -77.0784393,
              1.6673557
            ],
            [
              -77.0786351,
              1.6673342
            ],
            [
              -77.0788094,
              1.6673128
            ],
            [
              -77.078965,
              1.6672189
            ],
            [
              -77.0791554,
              1.6670554
            ],
            [
              -77.0793405,
              1.666916
            ],
            [
              -77.0795229,
              1.6667658
            ],
            [
              -77.0796302,
              1.6666666
            ],
            [
              -77.0797563,
              1.6665647
            ],
            [
              -77.0798582,
              1.666487
            ],
            [
              -77.080003,
              1.6664092
            ],
            [
              -77.0801318,
              1.6663583
            ],
            [
              -77.0802525,
              1.6663476
            ],
            [
              -77.0803705,
              1.6663637
            ],
            [
              -77.0805421,
              1.6663878
            ],
            [
              -77.0806575,
              1.6664012
            ],
            [
              -77.080754,
              1.6663958
            ],
            [
              -77.0809177,
              1.6663663
            ],
            [
              -77.0810679,
              1.6663368
            ],
            [
              -77.0812047,
              1.6663181
            ],
            [
              -77.0813066,
              1.66631
            ],
            [
              -77.0813924,
              1.6663127
            ],
            [
              -77.0815051,
              1.6663342
            ],
            [
              -77.081615,
              1.6663663
            ],
            [
              -77.0816955,
              1.6664092
            ],
            [
              -77.0818296,
              1.6664468
            ],
            [
              -77.0819101,
              1.6664602
            ],
            [
              -77.0820174,
              1.6664709
            ],
            [
              -77.0821032,
              1.6664602
            ],
            [
              -77.0821837,
              1.666428
            ],
            [
              -77.0823151,
              1.6663744
            ],
            [
              -77.0824385,
              1.6663288
            ],
            [
              -77.0825672,
              1.6662832
            ],
            [
              -77.0826852,
              1.6662457
            ],
            [
              -77.0828328,
              1.6662082
            ],
            [
              -77.0830151,
              1.666184
            ],
            [
              -77.0831949,
              1.6661653
            ],
            [
              -77.0833397,
              1.6661438
            ],
            [
              -77.0834684,
              1.6661331
            ],
            [
              -77.0836267,
              1.6661304
            ],
            [
              -77.0837769,
              1.6661143
            ],
            [
              -77.0839137,
              1.6660929
            ],
            [
              -77.0841014,
              1.6660661
            ],
            [
              -77.08419,
              1.6660339
            ],
            [
              -77.084257,
              1.6659856
            ],
            [
              -77.0843107,
              1.66594
            ],
            [
              -77.0843858,
              1.6658435
            ],
            [
              -77.0844957,
              1.6657551
            ],
            [
              -77.0846164,
              1.6656773
            ],
            [
              -77.0847076,
              1.6656398
            ],
            [
              -77.0847157,
              1.6656317
            ],
            [
              -77.0848042,
              1.6656398
            ],
            [
              -77.0848846,
              1.6656451
            ],
            [
              -77.0849973,
              1.6656559
            ],
            [
              -77.0851797,
              1.6656719
            ],
            [
              -77.0853165,
              1.6656907
            ],
            [
              -77.0854506,
              1.6657256
            ],
            [
              -77.0855874,
              1.6657685
            ],
            [
              -77.0857698,
              1.6658596
            ],
            [
              -77.085928,
              1.66594
            ],
            [
              -77.086089,
              1.6660473
            ],
            [
              -77.0862767,
              1.6661518
            ],
            [
              -77.0864296,
              1.6662618
            ],
            [
              -77.0865503,
              1.6663288
            ],
            [
              -77.0866737,
              1.6664119
            ],
            [
              -77.0867515,
              1.6664575
            ],
            [
              -77.0868078,
              1.666495
            ],
            [
              -77.0868722,
              1.6665111
            ],
            [
              -77.0869875,
              1.6665192
            ],
            [
              -77.0871189,
              1.6665299
            ],
            [
              -77.0873067,
              1.6665486
            ],
            [
              -77.0874032,
              1.6665567
            ],
            [
              -77.0874918,
              1.666554
            ],
            [
              -77.0876017,
              1.6665379
            ],
            [
              -77.0876876,
              1.666495
            ],
            [
              -77.0877358,
              1.666428
            ],
            [
              -77.0877761,
              1.6663556
            ],
            [
              -77.0878512,
              1.6662484
            ],
            [
              -77.0879343,
              1.6661679
            ],
            [
              -77.0880014,
              1.666109
            ],
            [
              -77.0881087,
              1.6660366
            ],
            [
              -77.0882374,
              1.6659695
            ],
            [
              -77.0883232,
              1.6659079
            ],
            [
              -77.0884198,
              1.6658408
            ],
            [
              -77.0884627,
              1.6657738
            ],
            [
              -77.088511,
              1.6656961
            ],
            [
              -77.0885298,
              1.6656451
            ],
            [
              -77.0885351,
              1.6655084
            ],
            [
              -77.0885512,
              1.6653797
            ],
            [
              -77.0885459,
              1.6653127
            ],
            [
              -77.0885459,
              1.6652269
            ],
            [
              -77.0885459,
              1.6651277
            ],
            [
              -77.0885673,
              1.6650687
            ],
            [
              -77.0885995,
              1.665007
            ],
            [
              -77.0886344,
              1.664948
            ],
            [
              -77.0887336,
              1.6648676
            ],
            [
              -77.0888248,
              1.6647872
            ],
            [
              -77.0888972,
              1.664747
            ],
            [
              -77.088975,
              1.6646612
            ],
            [
              -77.089034,
              1.6645647
            ],
            [
              -77.0890957,
              1.6644038
            ],
            [
              -77.0891199,
              1.6643126
            ],
            [
              -77.0891655,
              1.6642134
            ],
            [
              -77.0892513,
              1.6641089
            ],
            [
              -77.0894015,
              1.6639909
            ],
            [
              -77.0895436,
              1.6638408
            ],
            [
              -77.0896241,
              1.6637603
            ],
            [
              -77.0897153,
              1.663696
            ],
            [
              -77.089887,
              1.663637
            ],
            [
              -77.0900184,
              1.6635887
            ],
            [
              -77.0902088,
              1.6635512
            ],
            [
              -77.0903564,
              1.6634949
            ],
            [
              -77.0905039,
              1.6634493
            ],
            [
              -77.0906031,
              1.6633796
            ],
            [
              -77.0906836,
              1.6632911
            ],
            [
              -77.090748,
              1.6631785
            ],
            [
              -77.0908231,
              1.6630901
            ],
            [
              -77.0908821,
              1.6629882
            ],
            [
              -77.0909196,
              1.6629238
            ],
            [
              -77.0909545,
              1.6628434
            ],
            [
              -77.0909679,
              1.6627496
            ],
            [
              -77.0909652,
              1.6625994
            ],
            [
              -77.0909652,
              1.6625029
            ],
            [
              -77.0909706,
              1.6624064
            ],
            [
              -77.090992,
              1.6623367
            ],
            [
              -77.0910376,
              1.6623018
            ],
            [
              -77.0911315,
              1.6622643
            ],
            [
              -77.0912629,
              1.6622348
            ],
            [
              -77.091389,
              1.6622053
            ],
            [
              -77.0915312,
              1.6622026
            ],
            [
              -77.0916545,
              1.6622241
            ],
            [
              -77.0917565,
              1.6622616
            ],
            [
              -77.0918477,
              1.662326
            ],
            [
              -77.0919576,
              1.6623742
            ],
            [
              -77.092073,
              1.662401
            ],
            [
              -77.0921668,
              1.662393
            ],
            [
              -77.0922795,
              1.6623742
            ],
            [
              -77.0924217,
              1.6623313
            ],
            [
              -77.0925155,
              1.6623099
            ],
            [
              -77.0926872,
              1.6623045
            ],
            [
              -77.092824,
              1.6622911
            ],
            [
              -77.0930171,
              1.6622831
            ],
            [
              -77.093119,
              1.6622321
            ],
            [
              -77.0932075,
              1.662149
            ],
            [
              -77.0933497,
              1.6620552
            ],
            [
              -77.0934328,
              1.6620096
            ],
            [
              -77.0936018,
              1.6620042
            ],
            [
              -77.0937279,
              1.6620042
            ],
            [
              -77.0938325,
              1.6620096
            ],
            [
              -77.0939532,
              1.6620096
            ],
            [
              -77.0940712,
              1.6620123
            ],
            [
              -77.0941758,
              1.6619935
            ],
            [
              -77.0942777,
              1.661956
            ],
            [
              -77.0943743,
              1.6619184
            ],
            [
              -77.0944628,
              1.6618782
            ],
            [
              -77.0945969,
              1.6618112
            ],
            [
              -77.0947149,
              1.6617254
            ],
            [
              -77.0948356,
              1.6616744
            ],
            [
              -77.0949238,
              1.6615908
            ],
            [
              -77.0950116,
              1.6615228
            ],
            [
              -77.0951187,
              1.6614625
            ],
            [
              -77.0953036,
              1.6614022
            ],
            [
              -77.0954125,
              1.6613885
            ],
            [
              -77.0955436,
              1.6613917
            ],
            [
              -77.0956582,
              1.6614124
            ],
            [
              -77.0958737,
              1.6614573
            ],
            [
              -77.0960158,
              1.6614868
            ],
            [
              -77.0961419,
              1.6615297
            ],
            [
              -77.0962679,
              1.6615565
            ],
            [
              -77.0964155,
              1.6615752
            ],
            [
              -77.0965093,
              1.6615833
            ],
            [
              -77.0966381,
              1.6616074
            ],
            [
              -77.0967346,
              1.6616074
            ],
            [
              -77.0967963,
              1.6616155
            ],
            [
              -77.0970297,
              1.6616316
            ],
            [
              -77.0972283,
              1.6616634
            ],
            [
              -77.097391,
              1.6616897
            ],
            [
              -77.097608,
              1.6616833
            ],
            [
              -77.0977472,
              1.661654
            ],
            [
              -77.0979064,
              1.6615936
            ],
            [
              -77.0980364,
              1.661519
            ],
            [
              -77.098226,
              1.6614412
            ],
            [
              -77.0984405,
              1.6613688
            ],
            [
              -77.0986105,
              1.6613035
            ],
            [
              -77.0987364,
              1.6612408
            ],
            [
              -77.0989304,
              1.6611815
            ],
            [
              -77.099082,
              1.6611625
            ],
            [
              -77.0992399,
              1.6611664
            ],
            [
              -77.0993575,
              1.6611851
            ],
            [
              -77.0997629,
              1.661216
            ],
            [
              -77.0999452,
              1.6612562
            ],
            [
              -77.1001062,
              1.6612696
            ],
            [
              -77.1002966,
              1.6612776
            ],
            [
              -77.1005836,
              1.6612616
            ],
            [
              -77.1007553,
              1.6612642
            ],
            [
              -77.1009325,
              1.6612876
            ],
            [
              -77.1010852,
              1.6613088
            ],
            [
              -77.1012133,
              1.6612939
            ],
            [
              -77.1012861,
              1.6612714
            ],
            [
              -77.1019462,
              1.661039
            ],
            [
              -77.1020334,
              1.6609761
            ],
            [
              -77.1020897,
              1.6609237
            ],
            [
              -77.1021668,
              1.6608398
            ],
            [
              -77.102206,
              1.6607893
            ],
            [
              -77.1022539,
              1.6607413
            ],
            [
              -77.1023021,
              1.6607035
            ],
            [
              -77.1023882,
              1.6606549
            ],
            [
              -77.1024672,
              1.6606268
            ],
            [
              -77.1025783,
              1.6606092
            ],
            [
              -77.1026917,
              1.6606156
            ],
            [
              -77.1028114,
              1.660647
            ],
            [
              -77.1029169,
              1.660657
            ],
            [
              -77.1030349,
              1.6606506
            ],
            [
              -77.1031584,
              1.6606232
            ],
            [
              -77.1032614,
              1.6605825
            ],
            [
              -77.1034468,
              1.6604919
            ],
            [
              -77.1039475,
              1.660228
            ],
            [
              -77.1040356,
              1.6601596
            ],
            [
              -77.1040705,
              1.6600953
            ],
            [
              -77.1041211,
              1.6600175
            ],
            [
              -77.1041639,
              1.6599476
            ],
            [
              -77.1042214,
              1.6599073
            ],
            [
              -77.1043146,
              1.6598917
            ],
            [
              -77.1043712,
              1.6599061
            ],
            [
              -77.1044002,
              1.6599217
            ],
            [
              -77.1044462,
              1.6599648
            ],
            [
              -77.1046042,
              1.6600712
            ],
            [
              -77.1046901,
              1.6601167
            ],
            [
              -77.1048805,
              1.6601811
            ],
            [
              -77.1052319,
              1.6602535
            ],
            [
              -77.1054867,
              1.6603071
            ],
            [
              -77.1058193,
              1.6603728
            ],
            [
              -77.106168,
              1.6604358
            ],
            [
              -77.1066053,
              1.6604959
            ],
            [
              -77.1067856,
              1.6605081
            ],
            [
              -77.1070052,
              1.6605573
            ],
            [
              -77.1071204,
              1.6606102
            ],
            [
              -77.1072423,
              1.6606926
            ],
            [
              -77.1074077,
              1.6607912
            ],
            [
              -77.107538,
              1.6608819
            ],
            [
              -77.1076331,
              1.6609333
            ],
            [
              -77.1077284,
              1.6609744
            ],
            [
              -77.1078296,
              1.6610077
            ],
            [
              -77.1079484,
              1.6610346
            ],
            [
              -77.108047,
              1.6610474
            ],
            [
              -77.1081259,
              1.6610516
            ],
            [
              -77.1083375,
              1.6610371
            ],
            [
              -77.1085527,
              1.6609819
            ],
            [
              -77.1088558,
              1.6609573
            ],
            [
              -77.1089641,
              1.6609492
            ],
            [
              -77.1091163,
              1.6609497
            ],
            [
              -77.1092699,
              1.6609643
            ],
            [
              -77.1094056,
              1.6609895
            ],
            [
              -77.1095552,
              1.661031
            ],
            [
              -77.1097046,
              1.6610883
            ],
            [
              -77.1097976,
              1.6611326
            ],
            [
              -77.1099451,
              1.6612185
            ],
            [
              -77.1100675,
              1.6613066
            ],
            [
              -77.1101819,
              1.6613876
            ],
            [
              -77.1102883,
              1.6614831
            ],
            [
              -77.1103579,
              1.6615353
            ],
            [
              -77.1104488,
              1.6615825
            ],
            [
              -77.110513,
              1.6615918
            ],
            [
              -77.1106381,
              1.6615609
            ],
            [
              -77.1112011,
              1.6614358
            ],
            [
              -77.1113715,
              1.6613862
            ],
            [
              -77.1115203,
              1.6613567
            ],
            [
              -77.1115981,
              1.6613433
            ],
            [
              -77.1117014,
              1.6613554
            ],
            [
              -77.1118073,
              1.6613849
            ],
            [
              -77.1120018,
              1.6614412
            ],
            [
              -77.1121182,
              1.6614878
            ],
            [
              -77.1122089,
              1.661496
            ],
            [
              -77.1122676,
              1.6614758
            ],
            [
              -77.1123119,
              1.6614419
            ],
            [
              -77.1123434,
              1.6613972
            ],
            [
              -77.1123589,
              1.6613527
            ],
            [
              -77.1123612,
              1.6612912
            ],
            [
              -77.1123558,
              1.6611664
            ],
            [
              -77.1123518,
              1.6610779
            ],
            [
              -77.1123518,
              1.6610256
            ],
            [
              -77.1123827,
              1.6609224
            ],
            [
              -77.1124028,
              1.6608876
            ],
            [
              -77.112435,
              1.6608674
            ],
            [
              -77.1124712,
              1.6608447
            ],
            [
              -77.1125342,
              1.6608245
            ],
            [
              -77.1125919,
              1.6608138
            ],
            [
              -77.1126589,
              1.6608044
            ],
            [
              -77.1127099,
              1.6608018
            ],
            [
              -77.1127595,
              1.6607696
            ],
            [
              -77.1127769,
              1.6607361
            ],
            [
              -77.1127984,
              1.6606543
            ],
            [
              -77.1128051,
              1.6606034
            ],
            [
              -77.1128011,
              1.6605484
            ],
            [
              -77.1127904,
              1.6604867
            ],
            [
              -77.112787,
              1.6604374
            ],
            [
              -77.1127946,
              1.6603926
            ],
            [
              -77.1128077,
              1.6603587
            ],
            [
              -77.1128347,
              1.6603176
            ],
            [
              -77.1128619,
              1.660291
            ],
            [
              -77.1129071,
              1.6602633
            ],
            [
              -77.1129987,
              1.660246
            ],
            [
              -77.1130934,
              1.6602535
            ],
            [
              -77.1131645,
              1.660283
            ],
            [
              -77.1132718,
              1.6603125
            ],
            [
              -77.113367,
              1.6603259
            ],
            [
              -77.1134649,
              1.6603326
            ],
            [
              -77.1136245,
              1.6603232
            ],
            [
              -77.1137171,
              1.6603312
            ],
            [
              -77.1137828,
              1.6603594
            ],
            [
              -77.1139561,
              1.6604415
            ],
            [
              -77.1139929,
              1.6604498
            ],
            [
              -77.1140459,
              1.660448
            ],
            [
              -77.114072,
              1.660441
            ],
            [
              -77.1141032,
              1.6604266
            ],
            [
              -77.1141294,
              1.6604079
            ],
            [
              -77.1141607,
              1.6603726
            ],
            [
              -77.1142623,
              1.6601092
            ],
            [
              -77.1142986,
              1.660064
            ],
            [
              -77.1143521,
              1.6600228
            ],
            [
              -77.1144271,
              1.6599933
            ],
            [
              -77.1145548,
              1.6599963
            ],
            [
              -77.1146451,
              1.6600015
            ],
            [
              -77.1147443,
              1.6600175
            ],
            [
              -77.1148717,
              1.6600417
            ],
            [
              -77.1150139,
              1.6600698
            ],
            [
              -77.1150917,
              1.6600899
            ],
            [
              -77.1151252,
              1.6600953
            ],
            [
              -77.1151641,
              1.6601047
            ],
            [
              -77.1152526,
              1.6601167
            ],
            [
              -77.1154256,
              1.6601328
            ],
            [
              -77.1156,
              1.6601382
            ],
            [
              -77.1157287,
              1.6601449
            ],
            [
              -77.1158548,
              1.660157
            ],
            [
              -77.1159983,
              1.6601744
            ],
            [
              -77.1160787,
              1.6601918
            ],
            [
              -77.1161418,
              1.6602025
            ],
            [
              -77.1162128,
              1.6602025
            ],
            [
              -77.1162987,
              1.6602079
            ],
            [
              -77.11641,
              1.6602133
            ],
            [
              -77.1164958,
              1.6601985
            ],
            [
              -77.1165897,
              1.6601717
            ],
            [
              -77.1166782,
              1.6601436
            ],
            [
              -77.1168472,
              1.6600819
            ],
            [
              -77.1169545,
              1.6600497
            ],
            [
              -77.117094,
              1.6600015
            ],
            [
              -77.1171623,
              1.6599813
            ],
            [
              -77.1172307,
              1.6599572
            ],
            [
              -77.1173112,
              1.6599532
            ],
            [
              -77.1174011,
              1.6599679
            ],
            [
              -77.1174681,
              1.6599854
            ],
            [
              -77.1175781,
              1.6600216
            ],
            [
              -77.1176612,
              1.6600604
            ],
            [
              -77.1177337,
              1.6600966
            ],
            [
              -77.1178651,
              1.6601395
            ],
            [
              -77.1179375,
              1.660165
            ],
            [
              -77.1180502,
              1.6601663
            ],
            [
              -77.118203,
              1.6601368
            ],
            [
              -77.1182688,
              1.6601181
            ],
            [
              -77.1183237,
              1.6601074
            ],
            [
              -77.1183734,
              1.660098
            ],
            [
              -77.1184552,
              1.6601007
            ],
            [
              -77.1185745,
              1.6600993
            ],
            [
              -77.1186724,
              1.6601154
            ],
            [
              -77.1187355,
              1.6601208
            ],
            [
              -77.1188132,
              1.6601221
            ],
            [
              -77.1188441,
              1.6601141
            ],
            [
              -77.1188843,
              1.6600926
            ],
            [
              -77.1189286,
              1.6600698
            ],
            [
              -77.1189635,
              1.6600591
            ],
            [
              -77.1190439,
              1.660039
            ],
            [
              -77.1191324,
              1.6600323
            ],
            [
              -77.1192116,
              1.660047
            ],
            [
              -77.1193014,
              1.6600779
            ],
            [
              -77.1193832,
              1.6601087
            ],
            [
              -77.1194476,
              1.6601261
            ],
            [
              -77.1195482,
              1.6601623
            ],
            [
              -77.119638,
              1.6601891
            ],
            [
              -77.1197037,
              1.6602119
            ],
            [
              -77.1197668,
              1.6602173
            ],
            [
              -77.1198204,
              1.6602106
            ],
            [
              -77.11987,
              1.6601958
            ],
            [
              -77.1199237,
              1.6601744
            ],
            [
              -77.1200001,
              1.6601234
            ],
            [
              -77.1200618,
              1.6600511
            ],
            [
              -77.1201088,
              1.6599733
            ],
            [
              -77.1201463,
              1.659909
            ],
            [
              -77.1201825,
              1.659862
            ],
            [
              -77.1202201,
              1.6598272
            ],
            [
              -77.1202697,
              1.6597937
            ],
            [
              -77.1203287,
              1.6597669
            ],
            [
              -77.1203837,
              1.6597561
            ],
            [
              -77.1205795,
              1.6596744
            ],
            [
              -77.1209304,
              1.659633
            ],
            [
              -77.1215504,
              1.6595939
            ],
            [
              -77.1220332,
              1.6595939
            ],
            [
              -77.1225536,
              1.6596636
            ],
            [
              -77.1230471,
              1.659728
            ],
            [
              -77.1242005,
              1.6594545
            ],
            [
              -77.1250105,
              1.6593634
            ],
            [
              -77.1256542,
              1.6595993
            ],
            [
              -77.1261531,
              1.6600229
            ],
            [
              -77.126652,
              1.6601623
            ],
            [
              -77.1271616,
              1.660291
            ],
            [
              -77.1279931,
              1.6602159
            ],
            [
              -77.1282184,
              1.6599907
            ],
            [
              -77.1285832,
              1.6598191
            ],
            [
              -77.1291947,
              1.6596368
            ],
            [
              -77.1296668,
              1.6595403
            ],
            [
              -77.1302676,
              1.6594545
            ],
            [
              -77.1324027,
              1.6586609
            ],
            [
              -77.1338296,
              1.6574169
            ],
            [
              -77.1342158,
              1.6573311
            ],
            [
              -77.1348381,
              1.6571702
            ],
            [
              -77.1354926,
              1.6568485
            ],
            [
              -77.1362972,
              1.656205
            ],
            [
              -77.1368069,
              1.655583
            ],
            [
              -77.1376437,
              1.6550897
            ],
            [
              -77.1377671,
              1.6552613
            ],
            [
              -77.1378529,
              1.6555294
            ],
            [
              -77.1378261,
              1.6558672
            ],
            [
              -77.1378636,
              1.6561568
            ],
            [
              -77.1377456,
              1.6564249
            ],
            [
              -77.1377724,
              1.6566662
            ],
            [
              -77.1377724,
              1.6567949
            ],
            [
              -77.1379119,
              1.6569879
            ],
            [
              -77.1381801,
              1.6570683
            ],
            [
              -77.1383786,
              1.6571005
            ],
            [
              -77.1387166,
              1.6571005
            ],
            [
              -77.138899,
              1.6570737
            ],
            [
              -77.1391726,
              1.6570683
            ],
            [
              -77.1394032,
              1.6569879
            ],
            [
              -77.1395695,
              1.6569557
            ],
            [
              -77.1397573,
              1.6570737
            ],
            [
              -77.1398592,
              1.657315
            ],
            [
              -77.1398753,
              1.657567
            ],
            [
              -77.1399343,
              1.6577922
            ],
            [
              -77.1400255,
              1.6580389
            ],
            [
              -77.1401918,
              1.658189
            ],
            [
              -77.1402186,
              1.658425
            ],
            [
              -77.1402562,
              1.6587574
            ],
            [
              -77.1403688,
              1.6589558
            ],
            [
              -77.1406049,
              1.6591435
            ],
            [
              -77.1407282,
              1.659299
            ],
            [
              -77.1408033,
              1.6595296
            ],
            [
              -77.1409106,
              1.6597226
            ],
            [
              -77.1411467,
              1.659862
            ],
            [
              -77.141254,
              1.6599693
            ],
            [
              -77.1412486,
              1.6601516
            ],
            [
              -77.1413666,
              1.6603554
            ],
            [
              -77.1414578,
              1.6604465
            ],
            [
              -77.1416616,
              1.6605591
            ],
            [
              -77.1417797,
              1.6607414
            ],
            [
              -77.1419782,
              1.6610149
            ],
            [
              -77.1421123,
              1.6613045
            ],
            [
              -77.1422303,
              1.6615618
            ],
            [
              -77.1423215,
              1.6618675
            ],
            [
              -77.1423215,
              1.6620713
            ],
            [
              -77.1421659,
              1.6622857
            ],
            [
              -77.1420962,
              1.6625592
            ],
            [
              -77.1421927,
              1.6628273
            ],
            [
              -77.1422947,
              1.6631061
            ],
            [
              -77.142477,
              1.6633367
            ],
            [
              -77.1426004,
              1.6634815
            ],
            [
              -77.1427989,
              1.6637121
            ],
            [
              -77.1429491,
              1.6637818
            ],
            [
              -77.1431637,
              1.6638354
            ],
            [
              -77.1435343,
              1.6641993
            ],
            [
              -77.1437377,
              1.6644896
            ],
            [
              -77.1439952,
              1.6646826
            ],
            [
              -77.1441722,
              1.6647202
            ],
            [
              -77.1442741,
              1.6649078
            ],
            [
              -77.1443653,
              1.6652296
            ],
            [
              -77.144376,
              1.6654333
            ],
            [
              -77.1442205,
              1.665621
            ],
            [
              -77.1441025,
              1.665739
            ],
            [
              -77.1437699,
              1.6661519
            ],
            [
              -77.143786,
              1.6663556
            ],
            [
              -77.1438718,
              1.6665594
            ],
            [
              -77.144022,
              1.6667202
            ],
            [
              -77.1442741,
              1.6669026
            ],
            [
              -77.1445155,
              1.6670902
            ],
            [
              -77.1447408,
              1.6673637
            ],
            [
              -77.1448159,
              1.6675943
            ],
            [
              -77.144832,
              1.6678892
            ],
            [
              -77.1447355,
              1.6682699
            ],
            [
              -77.1447408,
              1.6684254
            ],
            [
              -77.1447998,
              1.668731
            ],
            [
              -77.1449018,
              1.6691707
            ],
            [
              -77.144891,
              1.6694228
            ],
            [
              -77.1448588,
              1.6698464
            ],
            [
              -77.1448427,
              1.6701413
            ],
            [
              -77.1447462,
              1.6704255
            ],
            [
              -77.144317,
              1.6708062
            ],
            [
              -77.1440435,
              1.671085
            ],
            [
              -77.1438021,
              1.671321
            ],
            [
              -77.143684,
              1.6716641
            ],
            [
              -77.143625,
              1.6719912
            ],
            [
              -77.1436036,
              1.6722218
            ],
            [
              -77.1435338,
              1.6725328
            ],
            [
              -77.1433514,
              1.6727366
            ],
            [
              -77.1430081,
              1.6729564
            ],
            [
              -77.1424502,
              1.6732835
            ],
            [
              -77.1423429,
              1.6736374
            ],
            [
              -77.1423,
              1.6738626
            ],
            [
              -77.1422303,
              1.6741146
            ],
            [
              -77.1420962,
              1.6745543
            ],
            [
              -77.1420425,
              1.6747903
            ],
            [
              -77.1420908,
              1.6750798
            ],
            [
              -77.1421552,
              1.6754123
            ],
            [
              -77.1422303,
              1.6756643
            ],
            [
              -77.1423429,
              1.6758841
            ],
            [
              -77.1424449,
              1.6760611
            ],
            [
              -77.1425682,
              1.6763989
            ],
            [
              -77.1425575,
              1.6766831
            ],
            [
              -77.1424824,
              1.6769244
            ],
            [
              -77.1424609,
              1.6771818
            ],
            [
              -77.1425682,
              1.6774231
            ],
            [
              -77.1427131,
              1.6776268
            ],
            [
              -77.1429062,
              1.6778038
            ],
            [
              -77.143153,
              1.6778574
            ],
            [
              -77.143448,
              1.6778172
            ],
            [
              -77.1436304,
              1.6778091
            ],
            [
              -77.1438181,
              1.6779056
            ],
            [
              -77.1439523,
              1.6780853
            ],
            [
              -77.1440542,
              1.6783132
            ],
            [
              -77.1441454,
              1.6786456
            ],
            [
              -77.1442795,
              1.6788923
            ],
            [
              -77.1444672,
              1.6790746
            ],
            [
              -77.1448159,
              1.6791818
            ],
            [
              -77.1450466,
              1.6792569
            ],
            [
              -77.1453041,
              1.6792944
            ],
            [
              -77.1457654,
              1.6794821
            ],
            [
              -77.1461785,
              1.6796698
            ],
            [
              -77.1465057,
              1.6797878
            ],
            [
              -77.1469027,
              1.6799486
            ],
            [
              -77.1472728,
              1.6799754
            ],
            [
              -77.1477878,
              1.6799593
            ],
            [
              -77.1482116,
              1.6799915
            ],
            [
              -77.148512,
              1.6799862
            ],
            [
              -77.1486837,
              1.680029
            ],
            [
              -77.1488446,
              1.6800719
            ],
            [
              -77.148909,
              1.6801953
            ],
            [
              -77.1489894,
              1.6804044
            ],
            [
              -77.1491075,
              1.6807637
            ],
            [
              -77.1492201,
              1.6809835
            ],
            [
              -77.1493757,
              1.6812194
            ],
            [
              -77.1494799,
              1.6813815
            ],
            [
              -77.1496278,
              1.6815841
            ],
            [
              -77.1496815,
              1.6818039
            ],
            [
              -77.149542,
              1.6821364
            ],
            [
              -77.1493864,
              1.6825278
            ],
            [
              -77.1492577,
              1.6828334
            ],
            [
              -77.1491826,
              1.6830372
            ],
            [
              -77.1491236,
              1.683241
            ],
            [
              -77.1491128,
              1.6835305
            ],
            [
              -77.1491772,
              1.6837772
            ],
            [
              -77.149365,
              1.6841257
            ],
            [
              -77.1494937,
              1.6843026
            ],
            [
              -77.1496224,
              1.6843831
            ],
            [
              -77.1497351,
              1.6844474
            ],
            [
              -77.1499175,
              1.6847209
            ],
            [
              -77.1500248,
              1.6849568
            ],
            [
              -77.1501857,
              1.6852893
            ],
            [
              -77.1503305,
              1.68567
            ],
            [
              -77.1505022,
              1.6858898
            ],
            [
              -77.1507382,
              1.6860292
            ],
            [
              -77.1509045,
              1.6860829
            ],
            [
              -77.1510977,
              1.6861687
            ],
            [
              -77.1513444,
              1.6859488
            ],
            [
              -77.1515858,
              1.6856593
            ],
            [
              -77.1518433,
              1.6853751
            ],
            [
              -77.1519828,
              1.6851552
            ],
            [
              -77.1522081,
              1.6849783
            ],
            [
              -77.1523958,
              1.6847155
            ],
            [
              -77.1526533,
              1.6845171
            ],
            [
              -77.1528894,
              1.6843348
            ],
            [
              -77.1530825,
              1.68419
            ],
            [
              -77.1532381,
              1.6839916
            ],
            [
              -77.1533883,
              1.6838254
            ],
            [
              -77.1536672,
              1.6836002
            ],
            [
              -77.1539676,
              1.6835037
            ],
            [
              -77.1542466,
              1.683493
            ],
            [
              -77.1546543,
              1.6834608
            ],
            [
              -77.15496,
              1.6834179
            ],
            [
              -77.1551639,
              1.6833965
            ],
            [
              -77.155416,
              1.6833857
            ],
            [
              -77.1555984,
              1.683316
            ],
            [
              -77.1557754,
              1.6831766
            ],
            [
              -77.1559686,
              1.6829675
            ],
            [
              -77.1560919,
              1.682871
            ],
            [
              -77.1562314,
              1.682812
            ],
            [
              -77.1565479,
              1.6827476
            ],
            [
              -77.156682,
              1.6826672
            ],
            [
              -77.1570414,
              1.682576
            ],
            [
              -77.1573579,
              1.6825063
            ],
            [
              -77.1575564,
              1.6823723
            ],
            [
              -77.1577817,
              1.6822382
            ],
            [
              -77.1578729,
              1.682131
            ],
            [
              -77.1580607,
              1.6819165
            ],
            [
              -77.1581036,
              1.6818146
            ],
            [
              -77.1580446,
              1.6816162
            ],
            [
              -77.1579051,
              1.6813428
            ],
            [
              -77.1576583,
              1.6811819
            ],
            [
              -77.157492,
              1.681021
            ],
            [
              -77.1575081,
              1.6806189
            ],
            [
              -77.157594,
              1.680399
            ],
            [
              -77.1576959,
              1.6802006
            ],
            [
              -77.1578622,
              1.6799754
            ],
            [
              -77.1580231,
              1.6798306
            ],
            [
              -77.1582162,
              1.6797341
            ],
            [
              -77.1585113,
              1.6796483
            ],
            [
              -77.1588117,
              1.6796215
            ],
            [
              -77.1591711,
              1.6796108
            ],
            [
              -77.1593696,
              1.6796698
            ],
            [
              -77.159434,
              1.6798199
            ],
            [
              -77.1595037,
              1.6800344
            ],
            [
              -77.1596807,
              1.6800344
            ],
            [
              -77.1598846,
              1.6799433
            ],
            [
              -77.1601582,
              1.6798199
            ],
            [
              -77.1605122,
              1.6796001
            ],
            [
              -77.1607214,
              1.6794017
            ],
            [
              -77.1608663,
              1.6792515
            ],
            [
              -77.1609896,
              1.6790907
            ],
            [
              -77.1610916,
              1.6788226
            ],
            [
              -77.1611613,
              1.6786349
            ],
            [
              -77.1611559,
              1.6783507
            ],
            [
              -77.1610755,
              1.6780183
            ],
            [
              -77.1610165,
              1.6777877
            ],
            [
              -77.1608931,
              1.677466
            ],
            [
              -77.1608931,
              1.6772407
            ],
            [
              -77.1609038,
              1.6770692
            ],
            [
              -77.1609253,
              1.6768654
            ],
            [
              -77.1610487,
              1.6766456
            ],
            [
              -77.1614027,
              1.6764418
            ],
            [
              -77.1617031,
              1.6763238
            ],
            [
              -77.1622342,
              1.6761254
            ],
            [
              -77.1624541,
              1.6760718
            ],
            [
              -77.1628296,
              1.6760343
            ],
            [
              -77.163232,
              1.6760128
            ],
            [
              -77.1636182,
              1.6760075
            ],
            [
              -77.1640259,
              1.6760611
            ],
            [
              -77.1642834,
              1.676163
            ],
            [
              -77.1645248,
              1.6764203
            ],
            [
              -77.1646482,
              1.6765919
            ],
            [
              -77.1648789,
              1.676785
            ],
            [
              -77.16519,
              1.6768815
            ],
            [
              -77.1653885,
              1.6769297
            ],
            [
              -77.1655923,
              1.6769029
            ],
            [
              -77.1659142,
              1.676919
            ],
            [
              -77.1661609,
              1.6768171
            ],
            [
              -77.1663863,
              1.6766938
            ],
            [
              -77.166456,
              1.6766027
            ],
            [
              -77.1664453,
              1.6765383
            ],
            [
              -77.1664238,
              1.6763935
            ],
            [
              -77.1664023,
              1.6762166
            ],
            [
              -77.1664989,
              1.6759646
            ],
            [
              -77.1666813,
              1.6758573
            ],
            [
              -77.166912,
              1.6758091
            ],
            [
              -77.1672553,
              1.675868
            ],
            [
              -77.1676469,
              1.6759806
            ],
            [
              -77.1681404,
              1.6760504
            ],
            [
              -77.1686822,
              1.6762219
            ],
            [
              -77.1690309,
              1.6763882
            ],
            [
              -77.1692884,
              1.6766456
            ],
            [
              -77.1695405,
              1.6767796
            ],
            [
              -77.1697712,
              1.6767957
            ],
            [
              -77.1700072,
              1.6767796
            ],
            [
              -77.1702433,
              1.6767153
            ],
            [
              -77.1703827,
              1.6765598
            ],
            [
              -77.1706617,
              1.6761093
            ],
            [
              -77.1707797,
              1.6759806
            ],
            [
              -77.1712089,
              1.6759056
            ],
            [
              -77.1714664,
              1.6759753
            ],
            [
              -77.1716702,
              1.6760343
            ],
            [
              -77.1718633,
              1.676179
            ],
            [
              -77.1719706,
              1.6762595
            ],
            [
              -77.1720135,
              1.6766187
            ],
            [
              -77.1720028,
              1.6768118
            ],
            [
              -77.1720243,
              1.6770584
            ],
            [
              -77.1720403,
              1.6772944
            ],
            [
              -77.172094,
              1.6775303
            ],
            [
              -77.1722549,
              1.6776912
            ],
            [
              -77.1725071,
              1.677777
            ],
            [
              -77.1726626,
              1.6777287
            ],
            [
              -77.1729684,
              1.6775357
            ],
            [
              -77.1731401,
              1.6774016
            ],
            [
              -77.1733707,
              1.677171
            ],
            [
              -77.1734726,
              1.6770102
            ],
            [
              -77.1736819,
              1.6768279
            ],
            [
              -77.1738321,
              1.6767045
            ],
            [
              -77.1740305,
              1.6766938
            ],
            [
              -77.174449,
              1.6766616
            ],
            [
              -77.1746582,
              1.6766616
            ],
            [
              -77.175023,
              1.6766509
            ],
            [
              -77.1753126,
              1.6766509
            ],
            [
              -77.1755594,
              1.6765705
            ],
            [
              -77.1757364,
              1.6763614
            ],
            [
              -77.1759725,
              1.6760396
            ],
            [
              -77.1761066,
              1.6758305
            ],
            [
              -77.1763426,
              1.6756482
            ],
            [
              -77.176525,
              1.6755141
            ],
            [
              -77.1767503,
              1.6753586
            ],
            [
              -77.1770293,
              1.6752353
            ],
            [
              -77.1775067,
              1.6751066
            ],
            [
              -77.1779734,
              1.6749618
            ],
            [
              -77.1781987,
              1.6748171
            ],
            [
              -77.1787727,
              1.6747259
            ],
            [
              -77.1791482,
              1.6746562
            ],
            [
              -77.1798831,
              1.6745919
            ],
            [
              -77.1804518,
              1.6746455
            ],
            [
              -77.18072,
              1.6746348
            ],
            [
              -77.1811277,
              1.6747259
            ],
            [
              -77.1815085,
              1.6747903
            ],
            [
              -77.1819162,
              1.6748224
            ],
            [
              -77.1821898,
              1.6748278
            ],
            [
              -77.1826404,
              1.6748224
            ],
            [
              -77.1828389,
              1.67486
            ],
            [
              -77.1832681,
              1.6748814
            ],
            [
              -77.1837026,
              1.67486
            ],
            [
              -77.1841103,
              1.6748707
            ],
            [
              -77.184459,
              1.6750155
            ],
            [
              -77.1847862,
              1.675246
            ],
            [
              -77.1851081,
              1.675541
            ],
            [
              -77.1852246,
              1.6757348
            ],
            [
              -77.1853602,
              1.6760075
            ],
            [
              -77.185548,
              1.6763453
            ],
            [
              -77.1856713,
              1.6766402
            ],
            [
              -77.1857894,
              1.6769029
            ],
            [
              -77.185961,
              1.6771603
            ],
            [
              -77.1861488,
              1.6773158
            ],
            [
              -77.1863687,
              1.6774981
            ],
            [
              -77.1866047,
              1.6776268
            ],
            [
              -77.1867013,
              1.6777019
            ],
            [
              -77.186873,
              1.6777448
            ],
            [
              -77.18705,
              1.6776536
            ],
            [
              -77.1870983,
              1.6775196
            ],
            [
              -77.1872163,
              1.6774338
            ],
            [
              -77.1873933,
              1.6773802
            ],
            [
              -77.1876293,
              1.6774016
            ],
            [
              -77.1879029,
              1.6773694
            ],
            [
              -77.1881551,
              1.6772836
            ],
            [
              -77.1884072,
              1.6771979
            ],
            [
              -77.1887612,
              1.6770906
            ],
            [
              -77.1890509,
              1.6769834
            ],
            [
              -77.1893245,
              1.6768279
            ],
            [
              -77.1895337,
              1.6766992
            ],
            [
              -77.1898663,
              1.6765705
            ],
            [
              -77.1900594,
              1.6765222
            ],
            [
              -77.1901875,
              1.6765193
            ],
            [
              -77.1904028,
              1.6766884
            ],
            [
              -77.1905422,
              1.6769244
            ],
            [
              -77.1906012,
              1.6770209
            ],
            [
              -77.1907461,
              1.67723
            ],
            [
              -77.1910518,
              1.6774177
            ],
            [
              -77.191245,
              1.6775089
            ],
            [
              -77.1915615,
              1.6776644
            ],
            [
              -77.1919784,
              1.6776545
            ],
            [
              -77.192173,
              1.6775464
            ],
            [
              -77.192409,
              1.677348
            ],
            [
              -77.1925485,
              1.6771174
            ],
            [
              -77.1925753,
              1.6768708
            ],
            [
              -77.1926236,
              1.6765115
            ],
            [
              -77.1926719,
              1.6760611
            ],
            [
              -77.1926826,
              1.675793
            ],
            [
              -77.1927309,
              1.6755249
            ],
            [
              -77.1928054,
              1.6753825
            ],
            [
              -77.1929026,
              1.6753157
            ],
            [
              -77.1931332,
              1.6752943
            ],
            [
              -77.1934605,
              1.6753855
            ],
            [
              -77.1936429,
              1.6754284
            ],
            [
              -77.1938467,
              1.6754766
            ],
            [
              -77.1941257,
              1.6755999
            ],
            [
              -77.1943402,
              1.6756643
            ],
            [
              -77.1949089,
              1.6757769
            ],
            [
              -77.1951234,
              1.6757983
            ],
            [
              -77.1953273,
              1.6757983
            ],
            [
              -77.1955091,
              1.6757472
            ],
            [
              -77.1956599,
              1.675616
            ],
            [
              -77.1957833,
              1.6754069
            ],
            [
              -77.1957672,
              1.6750691
            ],
            [
              -77.1956599,
              1.6746991
            ],
            [
              -77.1955901,
              1.6743238
            ],
            [
              -77.1955687,
              1.6740825
            ],
            [
              -77.195558,
              1.6739752
            ],
            [
              -77.1956116,
              1.6737768
            ],
            [
              -77.195788,
              1.6736237
            ],
            [
              -77.1960247,
              1.6735784
            ],
            [
              -77.1963733,
              1.6734873
            ],
            [
              -77.1964753,
              1.6733961
            ],
            [
              -77.1966523,
              1.6732728
            ],
            [
              -77.1970815,
              1.6731226
            ],
            [
              -77.1977735,
              1.6729779
            ],
            [
              -77.1981436,
              1.6729189
            ],
            [
              -77.1982884,
              1.6728867
            ],
            [
              -77.1984869,
              1.6728599
            ],
            [
              -77.198782,
              1.6727526
            ],
            [
              -77.1990877,
              1.67264
            ],
            [
              -77.1993935,
              1.6724416
            ],
            [
              -77.1997047,
              1.6722164
            ],
            [
              -77.1998495,
              1.6721038
            ],
            [
              -77.2001499,
              1.671943
            ],
            [
              -77.2004181,
              1.6717499
            ],
            [
              -77.2008473,
              1.6716105
            ],
            [
              -77.2009331,
              1.6715623
            ],
            [
              -77.2013515,
              1.671455
            ],
            [
              -77.201786,
              1.6713853
            ],
            [
              -77.2021508,
              1.6713102
            ],
            [
              -77.2024298,
              1.6713102
            ],
            [
              -77.2029126,
              1.6713531
            ],
            [
              -77.203154,
              1.6714228
            ],
            [
              -77.2035885,
              1.6716052
            ],
            [
              -77.2037816,
              1.6717446
            ],
            [
              -77.2040176,
              1.6718679
            ],
            [
              -77.2041786,
              1.6719805
            ],
            [
              -77.2043288,
              1.6719376
            ],
            [
              -77.204479,
              1.6718089
            ],
            [
              -77.2048008,
              1.6717821
            ],
            [
              -77.2049993,
              1.671766
            ],
            [
              -77.2052461,
              1.6717017
            ],
            [
              -77.2054768,
              1.6715354
            ],
            [
              -77.205627,
              1.6714389
            ],
            [
              -77.2060937,
              1.6712834
            ],
            [
              -77.2064745,
              1.6711869
            ],
            [
              -77.2070861,
              1.6711601
            ],
            [
              -77.2072953,
              1.6711386
            ],
            [
              -77.2074455,
              1.6710636
            ],
            [
              -77.2077084,
              1.6709885
            ],
            [
              -77.2079873,
              1.6709242
            ],
            [
              -77.2082502,
              1.6707258
            ],
            [
              -77.2085982,
              1.6704922
            ],
            [
              -77.2088134,
              1.6703879
            ],
            [
              -77.2090763,
              1.6703397
            ],
            [
              -77.2093123,
              1.6703236
            ],
            [
              -77.2096396,
              1.6704255
            ],
            [
              -77.209838,
              1.6706292
            ],
            [
              -77.2100204,
              1.6709188
            ],
            [
              -77.2102833,
              1.6712084
            ],
            [
              -77.2106212,
              1.6714389
            ],
            [
              -77.2108251,
              1.671632
            ],
            [
              -77.2108573,
              1.6716105
            ],
            [
              -77.2110987,
              1.6716212
            ],
            [
              -77.2111952,
              1.6715569
            ],
            [
              -77.2113615,
              1.6714121
            ],
            [
              -77.2115654,
              1.6711226
            ],
            [
              -77.2116619,
              1.6708169
            ],
            [
              -77.2116405,
              1.6703772
            ],
            [
              -77.2117585,
              1.6701681
            ],
            [
              -77.2119194,
              1.6698196
            ],
            [
              -77.2119892,
              1.6697391
            ],
            [
              -77.2123218,
              1.6695246
            ],
            [
              -77.2127938,
              1.6693531
            ],
            [
              -77.2134054,
              1.6692404
            ],
            [
              -77.2137487,
              1.6692244
            ],
            [
              -77.2139579,
              1.6691761
            ],
            [
              -77.2143334,
              1.6689992
            ],
            [
              -77.2146338,
              1.6687525
            ],
            [
              -77.2149342,
              1.6685219
            ],
            [
              -77.2152507,
              1.668345
            ],
            [
              -77.2156316,
              1.6680983
            ],
            [
              -77.2161037,
              1.6680179
            ],
            [
              -77.2162861,
              1.6680554
            ],
            [
              -77.2165382,
              1.6682109
            ],
            [
              -77.2168547,
              1.6685595
            ],
            [
              -77.2170264,
              1.668731
            ],
            [
              -77.2174662,
              1.6690957
            ],
            [
              -77.2178578,
              1.6693531
            ],
            [
              -77.2181583,
              1.6694657
            ],
            [
              -77.2185069,
              1.6695407
            ],
            [
              -77.2186619,
              1.6695378
            ],
            [
              -77.218861,
              1.6693691
            ],
            [
              -77.2190058,
              1.6692351
            ],
            [
              -77.2191131,
              1.6689884
            ],
            [
              -77.2191829,
              1.6688383
            ],
            [
              -77.2192794,
              1.668597
            ],
            [
              -77.2193867,
              1.6683879
            ],
            [
              -77.2195262,
              1.6682377
            ],
            [
              -77.2196657,
              1.6680661
            ],
            [
              -77.2197515,
              1.6678141
            ],
            [
              -77.2198373,
              1.6676586
            ],
            [
              -77.2199768,
              1.6675031
            ],
            [
              -77.2201753,
              1.667353
            ],
            [
              -77.2203845,
              1.6673154
            ],
            [
              -77.2207278,
              1.6673476
            ],
            [
              -77.2210228,
              1.6674602
            ],
            [
              -77.2215486,
              1.6676533
            ],
            [
              -77.2218114,
              1.6676693
            ],
            [
              -77.2220421,
              1.6675567
            ],
            [
              -77.2222245,
              1.6673047
            ],
            [
              -77.2223318,
              1.6670044
            ],
            [
              -77.2223908,
              1.6666237
            ],
            [
              -77.22238,
              1.6661894
            ],
            [
              -77.2223693,
              1.6659535
            ],
            [
              -77.2224444,
              1.6657336
            ],
            [
              -77.2225624,
              1.6653743
            ],
            [
              -77.222718,
              1.6651652
            ],
            [
              -77.2231042,
              1.6648328
            ],
            [
              -77.2234154,
              1.6646665
            ],
            [
              -77.2239679,
              1.6645003
            ],
            [
              -77.2243059,
              1.664377
            ],
            [
              -77.2245151,
              1.6642697
            ],
            [
              -77.2247887,
              1.6641518
            ],
            [
              -77.2250783,
              1.6641035
            ],
            [
              -77.2254646,
              1.6639587
            ],
            [
              -77.2257435,
              1.6637603
            ],
            [
              -77.2261405,
              1.6635727
            ],
            [
              -77.2264034,
              1.6633957
            ],
            [
              -77.2266334,
              1.6631676
            ],
            [
              -77.2267467,
              1.6630364
            ],
            [
              -77.2267735,
              1.6627898
            ],
            [
              -77.226693,
              1.6626557
            ],
            [
              -77.2265536,
              1.6624949
            ],
            [
              -77.2264409,
              1.662334
            ],
            [
              -77.2263712,
              1.6621892
            ],
            [
              -77.2264034,
              1.6619104
            ],
            [
              -77.226457,
              1.6615994
            ],
            [
              -77.2265536,
              1.6613849
            ],
            [
              -77.2266072,
              1.6612187
            ],
            [
              -77.2268164,
              1.6609237
            ],
            [
              -77.2270632,
              1.6607468
            ],
            [
              -77.2272348,
              1.6605591
            ],
            [
              -77.2274602,
              1.6604787
            ],
            [
              -77.2278303,
              1.6603285
            ],
            [
              -77.2280729,
              1.6602503
            ],
            [
              -77.2286135,
              1.6601087
            ],
            [
              -77.2289944,
              1.6599746
            ],
            [
              -77.229327,
              1.6599157
            ],
            [
              -77.229681,
              1.6598942
            ],
            [
              -77.22996,
              1.6598889
            ],
            [
              -77.2302926,
              1.6599907
            ],
            [
              -77.2304535,
              1.660173
            ],
            [
              -77.2304857,
              1.6603983
            ],
            [
              -77.2305018,
              1.6606503
            ],
            [
              -77.2304589,
              1.6609452
            ],
            [
              -77.2304267,
              1.6611972
            ],
            [
              -77.2304803,
              1.6614117
            ],
            [
              -77.2306949,
              1.6615511
            ],
            [
              -77.230947,
              1.6616047
            ],
            [
              -77.2312903,
              1.6615458
            ],
            [
              -77.2319341,
              1.6613903
            ],
            [
              -77.2322774,
              1.6613152
            ],
            [
              -77.2325724,
              1.661165
            ],
            [
              -77.2328246,
              1.6610685
            ],
            [
              -77.2330284,
              1.6609237
            ],
            [
              -77.2331357,
              1.6608165
            ],
            [
              -77.2332645,
              1.6606449
            ],
            [
              -77.2333771,
              1.6603661
            ],
            [
              -77.2335059,
              1.6600712
            ],
            [
              -77.2336882,
              1.6598084
            ],
            [
              -77.2338921,
              1.6594813
            ],
            [
              -77.2340477,
              1.6593258
            ],
            [
              -77.23423,
              1.6592776
            ],
            [
              -77.2345787,
              1.6592668
            ],
            [
              -77.2347879,
              1.6593044
            ],
            [
              -77.2354692,
              1.6594063
            ],
            [
              -77.2357857,
              1.6595296
            ],
            [
              -77.2360539,
              1.65961
            ],
            [
              -77.2364885,
              1.6596744
            ],
            [
              -77.2370195,
              1.6596422
            ],
            [
              -77.237438,
              1.6595457
            ],
            [
              -77.2378135,
              1.6593848
            ],
            [
              -77.2380495,
              1.659165
            ],
            [
              -77.2382104,
              1.6589826
            ],
            [
              -77.2382373,
              1.6588325
            ],
            [
              -77.2379422,
              1.6586502
            ],
            [
              -77.2376579,
              1.6583928
            ],
            [
              -77.2376043,
              1.6582909
            ],
            [
              -77.2375667,
              1.6579799
            ],
            [
              -77.2359645,
              1.6579462
            ],
            [
              -77.2353512,
              1.6571846
            ],
            [
              -77.2346339,
              1.656621
            ],
            [
              -77.2338702,
              1.6562947
            ],
            [
              -77.233389,
              1.6561937
            ],
            [
              -77.2324003,
              1.6561543
            ],
            [
              -77.2313763,
              1.6562741
            ],
            [
              -77.2279069,
              1.6572016
            ],
            [
              -77.2269891,
              1.6573354
            ],
            [
              -77.2260897,
              1.6573485
            ],
            [
              -77.2247038,
              1.6571542
            ],
            [
              -77.2213849,
              1.6562291
            ],
            [
              -77.2204425,
              1.6560387
            ],
            [
              -77.2190895,
              1.6559691
            ],
            [
              -77.2166949,
              1.6561888
            ],
            [
              -77.2157504,
              1.6560809
            ],
            [
              -77.2142706,
              1.6556177
            ],
            [
              -77.2126103,
              1.6548035
            ],
            [
              -77.2111724,
              1.6492097
            ],
            [
              -77.2109477,
              1.6474183
            ],
            [
              -77.2109498,
              1.6467222
            ],
            [
              -77.2110796,
              1.6457036
            ],
            [
              -77.2115432,
              1.6443382
            ],
            [
              -77.2118188,
              1.6437947
            ],
            [
              -77.2126515,
              1.6425079
            ],
            [
              -77.2137657,
              1.6412268
            ],
            [
              -77.2143449,
              1.6406881
            ],
            [
              -77.2164539,
              1.6390521
            ],
            [
              -77.2156697,
              1.633512
            ],
            [
              -77.2154463,
              1.6314657
            ],
            [
              -77.2127911,
              1.6297678
            ],
            [
              -77.2113113,
              1.6289353
            ],
            [
              -77.2098346,
              1.6282914
            ],
            [
              -77.2084345,
              1.6279048
            ],
            [
              -77.2071327,
              1.6277762
            ],
            [
              -77.2058567,
              1.6278771
            ],
            [
              -77.202676,
              1.6286095
            ],
            [
              -77.2021472,
              1.6286287
            ],
            [
              -77.2012782,
              1.6283255
            ],
            [
              -77.2006752,
              1.6276715
            ],
            [
              -77.1999187,
              1.6263501
            ],
            [
              -77.1992694,
              1.6253798
            ],
            [
              -77.1984141,
              1.6245052
            ],
            [
              -77.1978906,
              1.6241133
            ],
            [
              -77.1967009,
              1.6234908
            ],
            [
              -77.1958559,
              1.6232296
            ],
            [
              -77.1944574,
              1.6229834
            ],
            [
              -77.1915439,
              1.6226499
            ],
            [
              -77.1901763,
              1.6223825
            ],
            [
              -77.1889025,
              1.6219887
            ],
            [
              -77.1870285,
              1.6211192
            ],
            [
              -77.1851754,
              1.6199608
            ],
            [
              -77.1828028,
              1.6180814
            ],
            [
              -77.181701,
              1.6170363
            ],
            [
              -77.1806812,
              1.6159369
            ],
            [
              -77.1793514,
              1.6142125
            ],
            [
              -77.17862,
              1.6130223
            ],
            [
              -77.1780288,
              1.6118112
            ],
            [
              -77.1775757,
              1.6105644
            ],
            [
              -77.1772525,
              1.6092546
            ],
            [
              -77.1770509,
              1.6078732
            ],
            [
              -77.1769542,
              1.6064301
            ],
            [
              -77.1769183,
              1.6012332
            ],
            [
              -77.1767735,
              1.5998421
            ],
            [
              -77.1766391,
              1.5991931
            ],
            [
              -77.1762489,
              1.5980889
            ],
            [
              -77.1752247,
              1.5959113
            ],
            [
              -77.1744663,
              1.593965
            ],
            [
              -77.1726416,
              1.5882298
            ],
            [
              -77.1718622,
              1.5860059
            ],
            [
              -77.1712493,
              1.5845411
            ],
            [
              -77.1705319,
              1.5831247
            ],
            [
              -77.1696936,
              1.5818019
            ],
            [
              -77.1687521,
              1.5806006
            ],
            [
              -77.1674053,
              1.5790754
            ],
            [
              -77.1667987,
              1.5788468
            ],
            [
              -77.1655835,
              1.5782289
            ],
            [
              -77.1649234,
              1.577811
            ],
            [
              -77.1638638,
              1.5769411
            ],
            [
              -77.1630288,
              1.5759421
            ],
            [
              -77.162362,
              1.5746743
            ],
            [
              -77.161946,
              1.5732809
            ],
            [
              -77.1612337,
              1.5696921
            ],
            [
              -77.1608231,
              1.5684885
            ],
            [
              -77.1599203,
              1.5666085
            ],
            [
              -77.1594445,
              1.5654022
            ],
            [
              -77.1585495,
              1.5621479
            ],
            [
              -77.1567042,
              1.5566371
            ],
            [
              -77.1558408,
              1.5534713
            ],
            [
              -77.1548535,
              1.549397
            ],
            [
              -77.1547178,
              1.5486809
            ],
            [
              -77.1546199,
              1.5473865
            ],
            [
              -77.1548506,
              1.5438495
            ],
            [
              -77.1546895,
              1.5423163
            ],
            [
              -77.1543173,
              1.540953
            ],
            [
              -77.1538204,
              1.5398916
            ],
            [
              -77.1534304,
              1.5394372
            ],
            [
              -77.1531293,
              1.5388799
            ],
            [
              -77.1518355,
              1.5377519
            ],
            [
              -77.1511712,
              1.5370256
            ],
            [
              -77.1498725,
              1.5351213
            ],
            [
              -77.1491617,
              1.5339085
            ],
            [
              -77.1488483,
              1.533296
            ],
            [
              -77.1487512,
              1.5330909
            ],
            [
              -77.1485282,
              1.5323134
            ],
            [
              -77.148498,
              1.5314435
            ],
            [
              -77.1485214,
              1.5312193
            ],
            [
              -77.1476406,
              1.5307136
            ],
            [
              -77.1475905,
              1.5308804
            ],
            [
              -77.1471524,
              1.5318962
            ],
            [
              -77.1460353,
              1.5338355
            ],
            [
              -77.1456322,
              1.5346902
            ],
            [
              -77.145414,
              1.5353883
            ],
            [
              -77.1450795,
              1.5369622
            ],
            [
              -77.1447979,
              1.5377344
            ],
            [
              -77.1445847,
              1.5380709
            ],
            [
              -77.1438938,
              1.5387844
            ],
            [
              -77.1436075,
              1.5391925
            ],
            [
              -77.1434668,
              1.5398888
            ],
            [
              -77.1432526,
              1.5403212
            ],
            [
              -77.1430041,
              1.5411616
            ],
            [
              -77.1424581,
              1.542244
            ],
            [
              -77.1418264,
              1.5432503
            ],
            [
              -77.1404276,
              1.5450178
            ],
            [
              -77.1400234,
              1.5457516
            ],
            [
              -77.1398354,
              1.5463628
            ],
            [
              -77.1396955,
              1.5471869
            ],
            [
              -77.1396161,
              1.5481805
            ],
            [
              -77.1396387,
              1.5494325
            ],
            [
              -77.1395278,
              1.5502342
            ],
            [
              -77.1393191,
              1.5509253
            ],
            [
              -77.1389699,
              1.5515015
            ],
            [
              -77.1385985,
              1.5519192
            ],
            [
              -77.1380919,
              1.5523187
            ],
            [
              -77.1371998,
              1.5526584
            ],
            [
              -77.1367785,
              1.5529399
            ],
            [
              -77.1362949,
              1.553478
            ],
            [
              -77.1359423,
              1.5541926
            ],
            [
              -77.133218,
              1.5562504
            ],
            [
              -77.1322691,
              1.5566566
            ],
            [
              -77.1313126,
              1.5568712
            ],
            [
              -77.1297962,
              1.5567867
            ],
            [
              -77.1288579,
              1.55685
            ],
            [
              -77.1285989,
              1.5570364
            ],
            [
              -77.1283807,
              1.5573288
            ],
            [
              -77.128278,
              1.5581497
            ],
            [
              -77.1281275,
              1.5584907
            ],
            [
              -77.1278472,
              1.5588643
            ],
            [
              -77.1275175,
              1.5591205
            ],
            [
              -77.1263566,
              1.55962
            ],
            [
              -77.1254869,
              1.5597825
            ],
            [
              -77.1241271,
              1.5598608
            ],
            [
              -77.123669,
              1.56002
            ],
            [
              -77.123291,
              1.5602626
            ],
            [
              -77.1226981,
              1.5610508
            ],
            [
              -77.1222168,
              1.5614344
            ],
            [
              -77.1215028,
              1.5623471
            ],
            [
              -77.120523,
              1.5632363
            ],
            [
              -77.1197912,
              1.5641648
            ],
            [
              -77.118999,
              1.5646887
            ],
            [
              -77.118922,
              1.5664652
            ],
            [
              -77.118517,
              1.5691303
            ],
            [
              -77.1178564,
              1.5726534
            ]
          ]
        ]
      },
      "id": "relation/1309990"
    }
  ]
}